Tm,GP,W,L,OL,PTS,PTS%,GF,GA,SRS,SOS,RPt%,RW,RgRec,RgPt%,Yr,Playoffs
Boston Bruins*,82,65,12,5,135,0.823,305,177,1.54,-0.02,0.787,54,54-12-16,0.756,2023,
Toronto Maple Leafs*,82,50,21,11,111,0.677,279,222,0.7,0,0.616,42,42-21-19,0.628,2023,
Tampa Bay Lightning*,82,46,30,6,98,0.598,283,254,0.37,0.02,0.555,38,38-30-14,0.549,2023,
Florida Panthers*,82,42,32,8,92,0.561,290,273,0.24,0.04,0.506,36,36-32-14,0.524,2023,
Buffalo Sabres,82,42,33,7,91,0.555,296,300,-0.01,0.04,0.512,30,30-33-19,0.482,2023,
Ottawa Senators,82,39,35,8,86,0.524,261,271,-0.09,0.04,0.47,31,31-35-16,0.476,2023,
Detroit Red Wings,82,35,37,10,80,0.488,240,279,-0.44,0.04,0.433,28,28-37-17,0.445,2023,
Montreal Canadiens,82,31,45,6,68,0.415,232,307,-0.85,0.06,0.36,21,21-45-16,0.354,2023,
Carolina Hurricanes*,82,52,21,9,113,0.689,266,213,0.66,0.01,0.628,39,39-21-22,0.61,2023,
New Jersey Devils*,82,52,22,8,112,0.683,291,226,0.79,0,0.646,39,39-22-21,0.604,2023,
New York Rangers*,82,47,22,13,107,0.652,277,219,0.7,0,0.567,37,37-22-23,0.591,2023,
New York Islanders*,82,42,31,9,93,0.567,243,222,0.25,0,0.537,36,36-31-15,0.53,2023,
Pittsburgh Penguins,82,40,31,11,91,0.555,262,264,0.01,0.04,0.488,31,31-31-20,0.5,2023,
Washington Capitals,82,35,37,10,80,0.488,255,265,-0.1,0.02,0.439,27,27-37-18,0.439,2023,
Philadelphia Flyers,82,31,38,13,75,0.457,222,277,-0.62,0.05,0.372,26,26-38-18,0.427,2023,
Columbus Blue Jackets,82,25,48,9,59,0.36,214,330,-1.34,0.07,0.305,15,15-48-19,0.299,2023,
Colorado Avalanche*,82,51,24,7,109,0.665,280,226,0.61,-0.05,0.604,36,36-24-22,0.573,2023,
Dallas Stars*,82,47,21,14,108,0.659,285,218,0.75,-0.07,0.567,39,39-21-22,0.61,2023,
Minnesota Wild*,82,46,25,11,103,0.628,246,225,0.21,-0.05,0.555,34,34-25-23,0.555,2023,
Winnipeg Jets*,82,46,33,3,95,0.579,247,225,0.23,-0.04,0.561,36,36-33-13,0.518,2023,
Nashville Predators,82,42,32,8,92,0.561,229,238,-0.12,-0.02,0.488,29,29-32-21,0.482,2023,
St. Louis Blues,82,37,38,7,81,0.494,263,301,-0.47,-0.01,0.451,27,27-38-17,0.433,2023,
Arizona Coyotes,82,28,40,14,70,0.427,228,299,-0.85,0.01,0.348,20,20-40-22,0.378,2023,
Chicago Blackhawks,82,26,49,7,59,0.36,204,301,-1.16,0.02,0.317,18,18-49-15,0.311,2023,
Vegas Golden Knights*,82,51,22,9,111,0.677,272,229,0.49,-0.04,0.616,38,38-22-22,0.598,2023,
Edmonton Oilers*,82,50,23,9,109,0.665,325,260,0.73,-0.07,0.634,45,45-23-14,0.634,2023,
Los Angeles Kings*,82,47,25,10,104,0.634,280,257,0.27,-0.02,0.555,37,37-25-20,0.573,2023,
Seattle Kraken*,82,46,28,8,100,0.61,289,256,0.36,-0.04,0.585,37,37-28-17,0.555,2023,
Calgary Flames,82,38,27,17,93,0.567,260,252,0.05,-0.05,0.482,31,31-27-24,0.524,2023,
Vancouver Canucks,82,38,37,7,83,0.506,276,298,-0.3,-0.04,0.439,24,24-37-21,0.421,2023,
San Jose Sharks,82,22,44,16,60,0.366,234,321,-1.05,0.01,0.299,16,16-44-22,0.329,2023,
Anaheim Ducks,82,23,47,12,58,0.354,209,338,-1.54,0.03,0.28,13,13-47-22,0.293,2023,
Florida Panthers*,82,58,18,6,122,0.744,340,246,1.07,-0.08,0.713,42,42-18-22,0.646,2022,
Toronto Maple Leafs*,82,54,21,7,115,0.701,315,253,0.69,-0.06,0.646,45,45-21-16,0.646,2022,
Tampa Bay Lightning*,82,51,23,8,110,0.671,287,233,0.64,-0.02,0.64,39,39-23-20,0.598,2022,
Boston Bruins*,82,51,26,5,107,0.652,255,220,0.38,-0.05,0.622,40,40-26-16,0.585,2022,
Buffalo Sabres,82,32,39,11,75,0.457,232,290,-0.69,0.02,0.39,25,25-39-18,0.415,2022,
Detroit Red Wings,82,32,40,10,74,0.451,230,312,-0.95,0.06,0.384,21,21-40-21,0.384,2022,
Ottawa Senators,82,33,42,7,73,0.445,227,266,-0.44,0.03,0.396,26,26-42-14,0.402,2022,
Montreal Canadiens,82,22,49,11,55,0.335,221,319,-1.15,0.05,0.262,16,16-49-17,0.299,2022,
Carolina Hurricanes*,82,54,20,8,116,0.707,278,202,0.88,-0.05,0.665,47,47-20-15,0.665,2022,
New York Rangers*,82,52,24,6,110,0.671,254,207,0.54,-0.03,0.628,44,44-24-14,0.622,2022,
Pittsburgh Penguins*,82,46,25,11,103,0.628,272,229,0.49,-0.04,0.585,37,37-25-20,0.573,2022,
Washington Capitals*,82,44,26,12,100,0.61,275,245,0.35,-0.02,0.524,35,35-26-21,0.555,2022,
New York Islanders,82,37,35,10,84,0.512,231,237,-0.09,-0.02,0.476,34,34-35-13,0.494,2022,
Columbus Blue Jackets,82,37,38,7,81,0.494,262,300,-0.44,0.02,0.445,26,26-38-18,0.427,2022,
New Jersey Devils,82,27,46,9,63,0.384,248,307,-0.68,0.04,0.341,19,19-46-17,0.335,2022,
Philadelphia Flyers,82,25,46,11,61,0.372,211,298,-1,0.06,0.323,20,20-46-16,0.341,2022,
Colorado Avalanche*,82,56,19,7,119,0.726,312,234,0.91,-0.04,0.671,46,46-19-17,0.665,2022,
Minnesota Wild*,82,53,22,7,113,0.689,310,253,0.68,-0.02,0.64,37,37-22-23,0.591,2022,
St. Louis Blues*,82,49,22,11,109,0.665,311,242,0.79,-0.05,0.604,43,43-22-17,0.628,2022,
Dallas Stars*,82,46,30,6,98,0.598,238,246,-0.09,0.01,0.543,31,31-30-21,0.506,2022,
Nashville Predators*,82,45,30,7,97,0.591,266,252,0.19,0.02,0.537,35,35-30-17,0.53,2022,
Winnipeg Jets,82,39,32,11,89,0.543,252,257,-0.04,0.02,0.488,32,32-32-18,0.5,2022,
Chicago Blackhawks,82,28,42,12,68,0.415,219,291,-0.83,0.05,0.317,16,16-42-24,0.341,2022,
Arizona Coyotes,82,25,50,7,57,0.348,207,313,-1.23,0.06,0.323,18,18-50-14,0.3,2022,
Calgary Flames*,82,50,21,11,111,0.677,293,208,0.99,-0.05,0.61,44,44-21-17,0.64,2022,
Edmonton Oilers*,82,49,27,6,104,0.634,290,252,0.46,0,0.573,38,38-27-17,0.567,2022,
Los Angeles Kings*,82,44,27,11,99,0.604,239,236,0.03,-0.01,0.537,35,35-27-20,0.549,2022,
Vegas Golden Knights,82,43,31,8,94,0.573,266,248,0.21,-0.01,0.524,34,34-31-17,0.518,2022,
Vancouver Canucks,82,40,30,12,92,0.561,249,236,0.16,0,0.5,32,32-30-20,0.512,2022,
San Jose Sharks,82,32,37,13,77,0.47,214,264,-0.58,0.03,0.39,22,22-37-23,0.409,2022,
Anaheim Ducks,82,31,37,14,76,0.463,232,271,-0.45,0.03,0.384,22,22-37-23,0.409,2022,
Seattle Kraken,82,27,49,6,60,0.366,216,285,-0.8,0.04,0.317,23,23-49-10,0.341,2022,
Carolina Hurricanes*,56,36,12,8,80,0.714,179,136,0.67,-0.1,0.625,27,27-12-17,0.634,2021,
Florida Panthers*,56,37,14,5,79,0.705,189,153,0.56,-0.08,0.67,26,26-14-16,0.607,2021,
Tampa Bay Lightning*,56,36,17,3,75,0.67,181,147,0.53,-0.08,0.652,29,29-17-10,0.607,2021,
Nashville Predators*,56,31,23,2,64,0.571,156,154,0.03,0,0.509,21,21-23-12,0.482,2021,
Dallas Stars,56,23,19,14,60,0.536,158,154,0.06,-0.01,0.446,17,17-19-20,0.482,2021,
Chicago Blackhawks,56,24,25,7,55,0.491,161,186,-0.39,0.06,0.429,15,15-25-16,0.411,2021,
Detroit Red Wings,56,19,27,10,48,0.429,127,171,-0.69,0.1,0.348,16,16-27-13,0.402,2021,
Columbus Blue Jackets,56,18,26,12,48,0.429,137,187,-0.78,0.11,0.321,12,12/26/2018,0.375,2021,
Pittsburgh Penguins*,56,37,16,3,77,0.688,196,156,0.62,-0.09,0.643,29,29-16-11,0.616,2021,
Washington Capitals*,56,36,15,5,77,0.688,191,163,0.44,-0.06,0.634,29,29-15-12,0.625,2021,
Boston Bruins*,56,33,16,7,73,0.652,168,136,0.5,-0.07,0.571,25,25-16-15,0.58,2021,
New York Islanders*,56,32,17,7,71,0.634,156,128,0.44,-0.06,0.563,24,24-17-15,0.562,2021,
New York Rangers,56,27,23,6,60,0.536,177,157,0.31,-0.05,0.491,24,24-23-9,0.509,2021,
Philadelphia Flyers,56,25,23,8,58,0.518,163,201,-0.59,0.08,0.455,17,17-23-16,0.446,2021,
New Jersey Devils,56,19,30,7,45,0.402,145,194,-0.77,0.11,0.384,15,15-30-11,0.366,2021,
Buffalo Sabres,56,15,34,7,37,0.33,138,199,-0.95,0.14,0.259,11,11-34-11,0.295,2021,
Toronto Maple Leafs*,56,35,14,7,77,0.688,187,148,0.6,-0.1,0.616,29,29-14-13,0.634,2021,
Edmonton Oilers*,56,35,19,2,72,0.643,183,154,0.44,-0.08,0.625,31,31-19-6,0.607,2021,
Winnipeg Jets*,56,30,23,3,63,0.563,170,154,0.25,-0.04,0.554,24,24-23-9,0.509,2021,
Montreal Canadiens*,56,24,21,11,59,0.527,159,168,-0.14,0.02,0.446,20,20-21-15,0.491,2021,
Calgary Flames,56,26,27,3,55,0.491,156,161,-0.08,0.01,0.464,22,22-27-7,0.455,2021,
Ottawa Senators,56,23,28,5,51,0.455,157,190,-0.51,0.08,0.402,18,18-28-10,0.411,2021,
Vancouver Canucks,56,23,29,4,50,0.446,151,188,-0.56,0.1,0.393,17,17-29-10,0.393,2021,
Colorado Avalanche*,56,39,13,4,82,0.732,197,133,1,-0.14,0.705,35,35-13-8,0.696,2021,
Vegas Golden Knights*,56,40,14,2,82,0.732,191,124,1.05,-0.15,0.723,30,30-14-12,0.643,2021,
Minnesota Wild*,56,35,16,5,75,0.67,181,160,0.33,-0.05,0.625,27,27-16-13,0.598,2021,
St. Louis Blues*,56,27,20,9,63,0.563,169,170,-0.02,0,0.491,19,19-20-17,0.491,2021,
Arizona Coyotes,56,24,26,6,54,0.482,153,176,-0.36,0.05,0.42,19,19-26-11,0.438,2021,
Los Angeles Kings,56,21,28,7,49,0.438,143,170,-0.42,0.06,0.375,19,19-28-9,0.42,2021,
San Jose Sharks,56,21,28,7,49,0.438,151,199,-0.75,0.11,0.357,15,15-28-13,0.384,2021,
Anaheim Ducks,56,17,30,9,43,0.384,126,179,-0.83,0.12,0.304,11,11/30/2015,0.33,2021,
Boston Bruins*,70,44,14,12,100,0.714,227,174,0.74,-0.02,0.679,38,38-14-18,0.671,2020,
Tampa Bay Lightning*,70,43,21,6,92,0.657,245,195,0.71,0,0.607,35,35-21-14,0.6,2020,
Toronto Maple Leafs*,70,36,25,9,81,0.579,238,227,0.15,-0.01,0.543,28,28-25-17,0.521,2020,
Florida Panthers*,69,35,26,8,78,0.565,231,228,0.05,0.01,0.514,30,30-26-13,0.529,2020,
Montreal Canadiens*,71,31,31,9,71,0.5,212,221,-0.12,0.01,0.415,19,19-31-21,0.415,2020,
Buffalo Sabres,69,30,31,8,68,0.493,195,217,-0.34,-0.03,0.435,22,22-31-16,0.435,2020,
Ottawa Senators,71,25,34,12,62,0.437,191,243,-0.76,-0.02,0.38,18,18-34-19,0.387,2020,
Detroit Red Wings,71,17,49,5,39,0.275,145,267,-1.7,0.02,0.232,13,13-49-9,0.246,2020,
Washington Capitals*,69,41,20,8,90,0.652,240,215,0.41,0.04,0.587,31,31-20-18,0.58,2020,
Philadelphia Flyers*,69,41,21,7,89,0.645,232,196,0.52,0,0.594,31,31-21-17,0.572,2020,
Pittsburgh Penguins*,69,40,23,6,86,0.623,224,196,0.39,-0.02,0.558,29,29-23-17,0.543,2020,
Carolina Hurricanes*,68,38,25,5,81,0.596,222,193,0.41,-0.02,0.522,27,27-25-16,0.515,2020,
Columbus Blue Jackets*,70,33,22,15,81,0.579,180,187,-0.12,-0.02,0.5,25,25-22-23,0.521,2020,
New York Islanders*,68,35,23,10,80,0.588,192,193,0.01,0.02,0.515,24,24-23-21,0.507,2020,
New York Rangers*,70,37,28,5,79,0.564,234,222,0.15,-0.03,0.536,31,31-28-11,0.521,2020,
New Jersey Devils,69,28,29,12,68,0.493,189,230,-0.57,0.02,0.42,22,22-29-18,0.449,2020,
St. Louis Blues*,71,42,19,10,94,0.662,225,193,0.47,0.02,0.599,33,33-19-19,0.599,2020,
Colorado Avalanche*,70,42,20,8,92,0.657,237,191,0.64,-0.02,0.6,37,37-20-13,0.621,2020,
Dallas Stars*,69,37,24,8,82,0.594,180,177,0.09,0.05,0.543,26,26-24-19,0.514,2020,
Winnipeg Jets*,71,37,28,6,80,0.563,216,203,0.17,-0.01,0.514,30,30-28-13,0.514,2020,
Nashville Predators*,69,35,26,8,78,0.565,215,217,-0.03,-0.01,0.507,28,28-26-15,0.514,2020,
Minnesota Wild*,69,35,27,7,77,0.558,220,220,0.01,0.01,0.514,30,30-27-12,0.522,2020,
Chicago Blackhawks*,70,32,30,8,72,0.514,212,218,-0.05,0.04,0.457,23,23-30-17,0.45,2020,
Vegas Golden Knights*,71,39,24,8,86,0.606,227,211,0.21,-0.02,0.542,30,30-24-17,0.542,2020,
Edmonton Oilers*,71,37,25,9,83,0.585,225,217,0.09,-0.02,0.521,31,31-25-15,0.542,2020,
Calgary Flames*,70,36,27,7,79,0.564,210,215,-0.08,-0.01,0.479,25,25-27-18,0.486,2020,
Vancouver Canucks*,69,36,27,6,78,0.565,228,217,0.13,-0.03,0.514,27,27-27-15,0.5,2020,
Arizona Coyotes*,70,33,29,8,74,0.529,195,187,0.11,0,0.464,26,26-29-15,0.479,2020,
Anaheim Ducks,71,29,33,9,67,0.472,187,226,-0.53,0.02,0.38,20,20-33-18,0.408,2020,
Los Angeles Kings,70,29,35,6,64,0.457,178,212,-0.48,0.01,0.429,21,21-35-14,0.4,2020,
San Jose Sharks,70,29,36,5,63,0.45,182,226,-0.62,0.01,0.407,22,22-36-12,0.4,2020,
Tampa Bay Lightning*,82,62,16,4,128,0.78,325,222,1.21,-0.05,0.726,56,49-16-17,0.701,2019,
Boston Bruins*,82,49,24,9,107,0.652,259,215,0.52,-0.01,0.604,47,38-24-20,0.585,2019,
Toronto Maple Leafs*,82,46,28,8,100,0.61,286,251,0.42,-0.01,0.573,46,40-28-14,0.573,2019,
Montreal Canadiens,82,44,30,8,96,0.585,249,236,0.16,0,0.518,41,37-30-15,0.543,2019,
Florida Panthers,82,36,32,14,86,0.524,267,280,-0.14,0.02,0.463,33,26-32-24,0.463,2019,
Buffalo Sabres,82,33,39,10,76,0.463,226,271,-0.51,0.04,0.39,28,21-39-22,0.39,2019,
Detroit Red Wings,82,32,40,10,74,0.451,227,277,-0.57,0.04,0.402,29,20-40-22,0.378,2019,
Ottawa Senators,82,29,47,6,64,0.39,242,302,-0.69,0.05,0.36,29,23-47-12,0.354,2019,
Washington Capitals*,82,48,26,8,104,0.634,278,249,0.35,-0.01,0.567,44,39-26-17,0.579,2019,
New York Islanders*,82,48,27,7,103,0.628,228,196,0.38,-0.01,0.585,43,37-27-18,0.561,2019,
Pittsburgh Penguins*,82,44,26,12,100,0.61,273,241,0.38,-0.01,0.543,42,37-26-19,0.567,2019,
Carolina Hurricanes*,82,46,29,7,99,0.604,245,223,0.26,-0.01,0.561,44,39-29-14,0.561,2019,
Columbus Blue Jackets*,82,47,31,4,98,0.598,258,232,0.31,-0.01,0.567,45,37-31-14,0.537,2019,
Philadelphia Flyers,82,37,37,8,82,0.5,244,281,-0.42,0.03,0.439,34,28-37-17,0.445,2019,
New York Rangers,82,32,36,14,78,0.476,227,272,-0.52,0.03,0.384,26,23-36-23,0.421,2019,
New Jersey Devils,82,31,41,10,72,0.439,222,275,-0.61,0.04,0.384,28,24-41-17,0.396,2019,
Nashville Predators*,82,47,29,6,100,0.61,240,214,0.31,-0.01,0.561,43,38-29-15,0.555,2019,
Winnipeg Jets*,82,47,30,5,99,0.604,272,244,0.33,-0.02,0.567,45,38-30-14,0.549,2019,
St. Louis Blues*,82,45,28,9,99,0.604,247,223,0.28,-0.01,0.549,42,36-28-18,0.549,2019,
Dallas Stars*,82,43,32,7,93,0.567,210,202,0.09,0,0.53,42,36-32-14,0.524,2019,
Colorado Avalanche*,82,38,30,14,90,0.549,260,246,0.17,-0.01,0.463,36,33-30-19,0.518,2019,
Chicago Blackhawks,82,36,34,12,84,0.512,270,292,-0.25,0.02,0.427,33,24-34-24,0.439,2019,
Minnesota Wild,82,37,36,9,83,0.506,211,237,-0.3,0.02,0.47,36,33-36-13,0.482,2019,
Calgary Flames*,82,50,25,7,107,0.652,289,227,0.7,-0.06,0.634,50,45-25-12,0.622,2019,
San Jose Sharks*,82,46,27,9,101,0.616,289,261,0.3,-0.04,0.579,46,38-27-17,0.567,2019,
Vegas Golden Knights*,82,43,32,7,93,0.567,249,230,0.19,-0.04,0.518,40,36-32-14,0.524,2019,
Arizona Coyotes,82,39,35,8,86,0.524,213,223,-0.14,-0.02,0.47,35,30-35-17,0.47,2019,
Vancouver Canucks,82,35,36,11,81,0.494,225,254,-0.35,0.01,0.427,29,22-36-24,0.415,2019,
Anaheim Ducks,82,35,37,10,80,0.488,199,251,-0.63,0.01,0.427,32,27-37-18,0.439,2019,
Edmonton Oilers,82,35,38,9,79,0.482,232,274,-0.51,0.01,0.427,32,24-38-20,0.415,2019,
Los Angeles Kings,82,31,42,9,71,0.433,202,263,-0.73,0.02,0.384,28,22-42-18,0.378,2019,
Tampa Bay Lightning*,82,54,23,5,113,0.689,296,236,0.66,-0.07,0.634,48,42-23-17,0.616,2018,
Boston Bruins*,82,50,20,12,112,0.683,270,214,0.62,-0.07,0.61,47,41-20-21,0.628,2018,
Toronto Maple Leafs*,82,49,26,7,105,0.64,277,232,0.49,-0.06,0.567,42,37-26-19,0.567,2018,
Florida Panthers,82,44,30,8,96,0.585,248,246,-0.01,-0.04,0.537,41,38-30-14,0.549,2018,
Detroit Red Wings,82,30,39,13,73,0.445,217,255,-0.48,-0.01,0.341,25,22-39-21,0.396,2018,
Montreal Canadiens,82,29,40,13,71,0.433,209,264,-0.68,0,0.378,27,24-40-18,0.402,2018,
Ottawa Senators,82,28,43,11,67,0.409,221,291,-0.85,0,0.372,26,18-43-21,0.348,2018,
Buffalo Sabres,82,25,45,12,62,0.378,199,280,-0.98,0.01,0.311,24,19-45-18,0.341,2018,
Washington Capitals*,82,49,26,7,105,0.64,259,239,0.21,-0.04,0.585,46,38-26-18,0.573,2018,
Pittsburgh Penguins*,82,47,29,6,100,0.61,272,250,0.23,-0.04,0.573,45,33-29-20,0.524,2018,
Philadelphia Flyers*,82,42,26,14,98,0.598,251,243,0.07,-0.03,0.543,40,31-26-25,0.53,2018,
Columbus Blue Jackets*,82,45,30,7,97,0.591,242,230,0.11,-0.04,0.537,39,30-30-22,0.5,2018,
New Jersey Devils*,82,44,29,9,97,0.591,248,244,0.02,-0.03,0.53,39,33-29-20,0.524,2018,
Carolina Hurricanes,82,36,35,11,83,0.506,228,256,-0.35,-0.01,0.439,33,30-35-17,0.47,2018,
New York Islanders,82,35,37,10,80,0.488,264,296,-0.4,-0.01,0.427,32,25-37-20,0.427,2018,
New York Rangers,82,34,39,9,77,0.47,231,268,-0.46,-0.01,0.427,31,24-39-19,0.409,2018,
Nashville Predators*,82,53,18,11,117,0.713,267,211,0.71,0.03,0.652,47,42-18-22,0.646,2018,
Winnipeg Jets*,82,52,20,10,114,0.695,277,218,0.74,0.02,0.622,48,43-20-19,0.64,2018,
Minnesota Wild*,82,45,26,11,101,0.616,253,232,0.29,0.04,0.549,42,38-26-18,0.573,2018,
Colorado Avalanche*,82,43,30,9,95,0.579,257,237,0.28,0.04,0.518,41,35-30-17,0.53,2018,
St. Louis Blues,82,44,32,6,94,0.573,226,222,0.1,0.05,0.518,41,33-32-17,0.506,2018,
Dallas Stars,82,42,32,8,92,0.561,235,225,0.17,0.04,0.506,38,33-32-17,0.506,2018,
Chicago Blackhawks,82,33,39,10,76,0.463,229,256,-0.26,0.07,0.409,32,26-39-17,0.421,2018,
Vegas Golden Knights*,82,51,24,7,109,0.665,272,228,0.52,-0.01,0.616,47,39-24-19,0.591,2018,
Anaheim Ducks*,82,44,25,13,101,0.616,235,216,0.24,0.01,0.555,40,35-25-22,0.561,2018,
San Jose Sharks*,82,45,27,10,100,0.61,252,229,0.28,0,0.537,40,35-27-20,0.549,2018,
Los Angeles Kings*,82,45,29,8,98,0.598,239,203,0.44,0,0.543,43,34-29-19,0.53,2018,
Calgary Flames,82,37,35,10,84,0.512,218,248,-0.33,0.03,0.47,35,28-35-19,0.457,2018,
Edmonton Oilers,82,36,40,6,78,0.476,234,263,-0.32,0.03,0.415,31,24-40-18,0.402,2018,
Vancouver Canucks,82,31,40,11,73,0.445,218,264,-0.51,0.05,0.409,31,25-40-17,0.409,2018,
Arizona Coyotes,82,29,41,12,70,0.427,208,256,-0.53,0.05,0.372,27,20-41-21,0.372,2018,
Montreal Canadiens*,82,47,26,9,103,0.628,226,200,0.31,-0.01,0.567,44,33-26-23,0.543,2017,
Ottawa Senators*,82,44,28,10,98,0.598,212,214,-0.01,0.01,0.524,38,34-28-20,0.537,2017,
Boston Bruins*,82,44,31,7,95,0.579,234,212,0.27,0,0.543,42,38-31-13,0.543,2017,
Toronto Maple Leafs*,82,40,27,15,95,0.579,251,242,0.11,0,0.53,39,33-27-22,0.537,2017,
Tampa Bay Lightning,82,42,30,10,94,0.573,234,227,0.09,0.01,0.506,38,32-30-20,0.512,2017,
Florida Panthers,82,35,36,11,81,0.494,210,237,-0.3,0.03,0.433,30,23-36-23,0.421,2017,
Detroit Red Wings,82,33,36,13,79,0.482,207,244,-0.41,0.04,0.348,24,17-36-29,0.384,2017,
Buffalo Sabres,82,33,37,12,78,0.476,201,237,-0.41,0.03,0.427,31,25-37-20,0.427,2017,
Washington Capitals*,82,55,19,8,118,0.72,263,182,0.99,0,0.689,53,45-19-18,0.659,2017,
Pittsburgh Penguins*,82,50,21,11,111,0.677,282,234,0.59,0.01,0.616,46,40-21-21,0.616,2017,
Columbus Blue Jackets*,82,50,24,8,108,0.659,249,195,0.68,0.02,0.61,48,39-24-19,0.591,2017,
New York Rangers*,82,48,28,6,102,0.622,256,220,0.47,0.03,0.591,45,40-28-14,0.573,2017,
New York Islanders,82,41,29,12,94,0.573,241,242,0.03,0.05,0.512,39,33-29-20,0.524,2017,
Philadelphia Flyers,82,39,33,10,88,0.537,219,236,-0.17,0.04,0.463,32,25-33-24,0.451,2017,
Carolina Hurricanes,82,36,31,15,87,0.53,215,236,-0.21,0.05,0.457,33,28-31-23,0.482,2017,
New Jersey Devils,82,28,40,14,70,0.427,183,244,-0.67,0.08,0.341,25,18-40-24,0.36,2017,
Chicago Blackhawks*,82,50,23,9,109,0.665,244,213,0.32,-0.06,0.591,46,37-23-22,0.585,2017,
Minnesota Wild*,82,49,25,8,106,0.646,266,208,0.63,-0.08,0.591,46,42-25-15,0.604,2017,
St. Louis Blues*,82,46,29,7,99,0.604,235,218,0.17,-0.04,0.561,44,38-29-15,0.555,2017,
Nashville Predators*,82,41,29,12,94,0.573,240,224,0.16,-0.04,0.512,39,35-29-18,0.537,2017,
Winnipeg Jets,82,40,35,7,87,0.53,249,256,-0.11,-0.03,0.476,37,33-35-14,0.488,2017,
Dallas Stars,82,34,37,11,79,0.482,223,262,-0.48,-0.01,0.421,33,28-37-17,0.445,2017,
Colorado Avalanche,82,22,56,4,48,0.293,166,278,-1.32,0.05,0.274,21,14-56-12,0.244,2017,
Anaheim Ducks*,82,46,23,13,105,0.64,223,200,0.24,-0.04,0.561,43,40-23-19,0.604,2017,
Edmonton Oilers*,82,47,26,9,103,0.628,247,212,0.37,-0.06,0.579,43,37-26-19,0.567,2017,
San Jose Sharks*,82,46,29,7,99,0.604,221,201,0.21,-0.03,0.555,44,38-29-15,0.555,2017,
Calgary Flames*,82,45,33,4,94,0.573,226,221,0.02,-0.04,0.537,41,32-33-17,0.494,2017,
Los Angeles Kings,82,39,35,8,86,0.524,201,205,-0.07,-0.02,0.488,37,25-35-22,0.439,2017,
Arizona Coyotes,82,30,42,10,70,0.427,197,260,-0.76,0.01,0.341,24,20-42-20,0.366,2017,
Vancouver Canucks,82,30,43,9,69,0.421,182,243,-0.73,0.01,0.354,26,19-43-20,0.354,2017,
Florida Panthers*,82,47,26,9,103,0.628,239,203,0.42,-0.02,0.549,40,39-26-17,0.579,2016,
Tampa Bay Lightning*,82,46,31,5,97,0.591,227,201,0.3,-0.02,0.561,43,36-31-15,0.53,2016,
Detroit Red Wings*,82,41,30,11,93,0.567,211,224,-0.16,0,0.518,39,30-30-22,0.5,2016,
Boston Bruins,82,42,31,9,93,0.567,240,230,0.11,-0.02,0.5,38,33-31-18,0.512,2016,
Ottawa Senators,82,38,35,9,85,0.518,236,247,-0.13,0.01,0.463,32,26-35-21,0.445,2016,
Montreal Canadiens,82,38,38,6,82,0.5,221,236,-0.18,0,0.451,33,30-38-14,0.451,2016,
Buffalo Sabres,82,35,36,11,81,0.494,201,222,-0.25,0.01,0.457,33,29-36-17,0.457,2016,
Toronto Maple Leafs,82,29,42,11,69,0.421,198,246,-0.56,0.03,0.354,23,20-42-20,0.366,2016,
Washington Capitals*,82,56,18,8,120,0.732,252,193,0.7,-0.02,0.671,52,45-18-19,0.665,2016,
Pittsburgh Penguins*,82,48,26,8,104,0.634,245,203,0.5,-0.01,0.585,44,38-26-18,0.573,2016,
New York Rangers*,82,46,27,9,101,0.616,236,217,0.24,0.01,0.555,43,39-27-16,0.573,2016,
New York Islanders*,82,45,27,10,100,0.61,232,216,0.19,0,0.549,40,34-27-21,0.543,2016,
Philadelphia Flyers*,82,41,27,14,96,0.585,214,218,-0.03,0.02,0.53,38,28-27-27,0.506,2016,
Carolina Hurricanes,82,35,31,16,86,0.524,198,226,-0.31,0.03,0.445,33,25-31-26,0.463,2016,
New Jersey Devils,82,38,36,8,84,0.512,184,208,-0.28,0.02,0.488,36,27-36-19,0.445,2016,
Columbus Blue Jackets,82,34,40,8,76,0.463,219,252,-0.38,0.03,0.402,28,26-40-16,0.415,2016,
Dallas Stars*,82,50,23,9,109,0.665,267,230,0.45,-0.01,0.61,48,42-23-17,0.616,2016,
St. Louis Blues*,82,49,24,9,107,0.652,224,201,0.28,0,0.591,44,36-24-22,0.573,2016,
Chicago Blackhawks*,82,47,26,9,103,0.628,235,209,0.32,0,0.579,46,36-26-20,0.561,2016,
Nashville Predators*,82,41,27,14,96,0.585,228,215,0.17,0.01,0.488,37,35-27-20,0.549,2016,
Minnesota Wild*,82,38,33,11,87,0.53,216,206,0.13,0.01,0.457,35,34-33-15,0.506,2016,
Colorado Avalanche,82,39,39,4,82,0.5,216,240,-0.26,0.03,0.451,35,33-39-10,0.463,2016,
Winnipeg Jets,82,35,39,8,78,0.476,215,239,-0.26,0.03,0.427,32,29-39-14,0.439,2016,
Anaheim Ducks*,82,46,25,11,103,0.628,218,192,0.27,-0.05,0.567,43,39-25-18,0.585,2016,
Los Angeles Kings*,82,48,28,6,102,0.622,225,195,0.32,-0.04,0.591,46,34-28-20,0.537,2016,
San Jose Sharks*,82,46,30,6,98,0.598,241,210,0.33,-0.05,0.555,42,37-30-15,0.543,2016,
Arizona Coyotes,82,35,39,8,78,0.476,209,245,-0.43,0.01,0.427,34,29-39-14,0.439,2016,
Calgary Flames,82,35,40,7,77,0.47,231,260,-0.36,-0.01,0.433,33,24-40-18,0.402,2016,
Vancouver Canucks,82,31,38,13,75,0.457,191,243,-0.62,0.02,0.372,26,22-38-22,0.402,2016,
Edmonton Oilers,82,31,43,8,70,0.427,203,245,-0.51,0,0.372,27,20-43-19,0.36,2016,
Montreal Canadiens*,82,50,22,10,110,0.671,221,189,0.36,-0.03,0.598,43,37-22-23,0.591,2015,
Tampa Bay Lightning*,82,50,24,8,108,0.659,262,211,0.57,-0.06,0.622,47,43-24-15,0.616,2015,
Detroit Red Wings*,82,43,25,14,100,0.61,235,221,0.14,-0.03,0.561,39,32-25-25,0.543,2015,
Ottawa Senators*,82,43,26,13,99,0.604,238,215,0.25,-0.04,0.53,37,30-26-26,0.524,2015,
Boston Bruins,82,41,27,14,96,0.585,213,211,0.01,-0.01,0.537,37,28-27-27,0.506,2015,
Florida Panthers,82,38,29,15,91,0.555,206,223,-0.23,-0.02,0.476,30,29-29-24,0.5,2015,
Toronto Maple Leafs,82,30,44,8,68,0.415,211,262,-0.61,0.02,0.366,25,22-44-16,0.366,2015,
Buffalo Sabres,82,23,51,8,54,0.329,161,274,-1.33,0.05,0.262,15,14-51-17,0.274,2015,
New York Rangers*,82,53,22,7,113,0.689,252,192,0.69,-0.04,0.652,49,43-22-17,0.628,2015,
Washington Capitals*,82,45,26,11,101,0.616,242,203,0.44,-0.03,0.543,40,35-26-21,0.555,2015,
New York Islanders*,82,47,28,7,101,0.616,252,230,0.26,-0.01,0.567,40,34-28-20,0.537,2015,
Pittsburgh Penguins*,82,43,27,12,98,0.598,221,210,0.12,-0.01,0.537,39,33-27-22,0.537,2015,
Columbus Blue Jackets,82,42,35,5,89,0.543,236,250,-0.16,0.01,0.47,33,28-35-19,0.457,2015,
Philadelphia Flyers,82,33,31,18,84,0.512,215,234,-0.23,0,0.451,30,25-31-26,0.463,2015,
New Jersey Devils,82,32,36,14,78,0.476,181,216,-0.4,0.02,0.402,27,26-36-20,0.439,2015,
Carolina Hurricanes,82,30,41,11,71,0.433,188,226,-0.44,0.02,0.378,25,24-41-17,0.39,2015,
St. Louis Blues*,82,51,24,7,109,0.665,248,201,0.59,0.02,0.591,42,37-24-21,0.579,2015,
Nashville Predators*,82,47,25,10,104,0.634,232,208,0.33,0.03,0.573,41,33-25-24,0.549,2015,
Chicago Blackhawks*,82,48,28,6,102,0.622,229,189,0.51,0.02,0.549,39,36-28-18,0.549,2015,
Minnesota Wild*,82,46,28,8,100,0.61,231,201,0.39,0.03,0.555,42,38-28-16,0.561,2015,
Winnipeg Jets*,82,43,26,13,99,0.604,230,210,0.29,0.04,0.518,36,32-26-24,0.537,2015,
Dallas Stars,82,41,31,10,92,0.561,261,260,0.06,0.05,0.494,37,33-31-18,0.512,2015,
Colorado Avalanche,82,39,31,12,90,0.549,219,227,-0.04,0.06,0.439,29,27-31-24,0.476,2015,
Anaheim Ducks*,82,51,24,7,109,0.665,236,226,0.1,-0.03,0.604,43,35-24-23,0.567,2015,
Vancouver Canucks*,82,48,29,5,101,0.616,242,222,0.2,-0.05,0.561,42,36-29-17,0.543,2015,
Calgary Flames*,82,45,30,7,97,0.591,241,216,0.26,-0.05,0.543,41,32-30-20,0.512,2015,
Los Angeles Kings,82,40,27,15,95,0.579,220,205,0.16,-0.03,0.524,38,37-27-18,0.561,2015,
San Jose Sharks,82,40,33,9,89,0.543,228,232,-0.08,-0.03,0.5,36,34-33-15,0.506,2015,
Edmonton Oilers,82,24,44,14,62,0.378,198,283,-1.01,0.03,0.305,19,17-44-21,0.335,2015,
Arizona Coyotes,82,24,50,8,56,0.341,170,272,-1.2,0.04,0.293,19,14-50-18,0.28,2015,
Boston Bruins*,82,54,19,9,117,0.713,261,177,0.92,-0.11,0.677,51,47-19-16,0.671,2014,
Tampa Bay Lightning*,82,46,27,9,101,0.616,240,215,0.25,-0.06,0.549,38,32-27-23,0.53,2014,
Montreal Canadiens*,82,46,28,8,100,0.61,215,204,0.08,-0.05,0.543,40,33-28-21,0.53,2014,
Detroit Red Wings*,82,39,28,15,93,0.567,222,230,-0.14,-0.04,0.5,34,30-28-24,0.512,2014,
Ottawa Senators,82,37,31,14,88,0.537,236,265,-0.37,-0.02,0.451,30,27-31-24,0.476,2014,
Toronto Maple Leafs,82,38,36,8,84,0.512,231,256,-0.34,-0.04,0.433,29,24-36-22,0.427,2014,
Florida Panthers,82,29,45,8,66,0.402,196,268,-0.87,0.01,0.341,21,21-45-16,0.354,2014,
Buffalo Sabres,82,21,51,10,52,0.317,157,248,-1.09,0.02,0.244,14,11-51-20,0.256,2014,
Pittsburgh Penguins*,82,51,24,7,109,0.665,249,207,0.47,-0.04,0.598,44,40-24-18,0.598,2014,
New York Rangers*,82,45,31,6,96,0.585,218,193,0.26,-0.04,0.543,41,39-31-12,0.549,2014,
Philadelphia Flyers*,82,42,30,10,94,0.573,236,235,-0.01,-0.02,0.543,39,35-30-17,0.53,2014,
Columbus Blue Jackets*,82,43,32,7,93,0.567,231,216,0.16,-0.03,0.506,38,35-32-15,0.518,2014,
Washington Capitals,82,38,30,14,90,0.549,235,240,-0.08,-0.02,0.47,28,24-30-28,0.463,2014,
New Jersey Devils,82,35,29,18,88,0.537,197,208,-0.15,-0.02,0.506,35,26-29-27,0.482,2014,
Carolina Hurricanes,82,36,35,11,83,0.506,207,230,-0.29,-0.01,0.451,34,30-35-17,0.47,2014,
New York Islanders,82,34,37,11,79,0.482,225,267,-0.51,0,0.396,25,21-37-24,0.402,2014,
Colorado Avalanche*,82,52,22,8,112,0.683,250,220,0.4,0.04,0.628,47,37-22-23,0.591,2014,
St. Louis Blues*,82,52,23,7,111,0.677,248,191,0.71,0.01,0.598,43,40-23-19,0.604,2014,
Chicago Blackhawks*,82,46,21,15,107,0.652,267,220,0.6,0.02,0.573,40,39-21-22,0.61,2014,
Minnesota Wild*,82,43,27,12,98,0.598,207,206,0.07,0.05,0.524,35,32-27-23,0.53,2014,
Dallas Stars*,82,40,31,11,91,0.555,235,228,0.14,0.05,0.494,36,34-31-17,0.518,2014,
Nashville Predators,82,38,32,12,88,0.537,216,242,-0.25,0.07,0.506,36,33-32-17,0.506,2014,
Winnipeg Jets,82,37,35,10,84,0.512,227,237,-0.07,0.06,0.439,29,24-35-23,0.433,2014,
Anaheim Ducks*,82,54,20,8,116,0.707,266,209,0.68,-0.01,0.677,51,44-20-18,0.646,2014,
San Jose Sharks*,82,51,22,9,111,0.677,249,200,0.6,0,0.604,41,37-22-23,0.591,2014,
Los Angeles Kings*,82,46,28,8,100,0.61,206,174,0.4,0.01,0.549,38,34-28-20,0.537,2014,
Phoenix Coyotes,82,37,30,15,89,0.543,216,231,-0.16,0.03,0.457,31,28-30-24,0.488,2014,
Vancouver Canucks,82,36,35,11,83,0.506,196,223,-0.3,0.03,0.451,31,25-35-22,0.439,2014,
Calgary Flames,82,35,40,7,77,0.47,209,241,-0.35,0.04,0.402,28,21-40-21,0.384,2014,
Edmonton Oilers,82,29,44,9,67,0.409,203,270,-0.75,0.07,0.348,25,20-44-18,0.354,2014,
Pittsburgh Penguins*,48,36,12,0,72,0.75,165,119,0.91,-0.05,0.719,33,31-12-5,0.698,2013,
New York Rangers*,48,26,18,4,56,0.583,130,112,0.38,0,0.542,22,18-18-12,0.5,2013,
New York Islanders*,48,24,17,7,55,0.573,139,139,0.03,0.03,0.49,20,18-17-13,0.51,2013,
Philadelphia Flyers,48,23,22,3,49,0.51,133,141,-0.14,0.03,0.49,22,20-22-6,0.479,2013,
New Jersey Devils,48,19,19,10,48,0.5,112,129,-0.31,0.04,0.448,17,16-19-13,0.469,2013,
Montreal Canadiens*,48,29,14,5,63,0.656,149,126,0.46,-0.02,0.594,26,24-14-10,0.604,2013,
Boston Bruins*,48,28,14,6,62,0.646,131,109,0.44,-0.02,0.573,24,23-14-11,0.594,2013,
Toronto Maple Leafs*,48,26,17,5,57,0.594,145,133,0.27,0.02,0.594,26,24-17-7,0.573,2013,
Ottawa Senators*,48,25,17,6,56,0.583,116,104,0.27,0.02,0.521,21,19-17-12,0.521,2013,
Buffalo Sabres,48,21,21,6,48,0.5,125,143,-0.31,0.07,0.406,14,13-21-14,0.417,2013,
Washington Capitals*,48,27,18,3,57,0.594,149,130,0.31,-0.09,0.531,24,20-18-10,0.521,2013,
Winnipeg Jets,48,24,21,3,51,0.531,128,144,-0.36,-0.03,0.51,22,18-21-9,0.469,2013,
Carolina Hurricanes,48,19,25,4,42,0.438,128,160,-0.65,0.02,0.396,18,17-25-6,0.417,2013,
Tampa Bay Lightning,48,18,26,4,40,0.417,148,150,-0.11,-0.07,0.396,17,16-26-6,0.396,2013,
Florida Panthers,48,15,27,6,36,0.375,112,171,-1.18,0.05,0.292,12,11/27/2010,0.333,2013,
Chicago Blackhawks*,48,36,7,5,77,0.802,155,102,1.04,-0.07,0.74,30,25-7-16,0.688,2013,
St. Louis Blues*,48,29,17,2,60,0.625,129,115,0.31,0.02,0.563,24,20-17-11,0.531,2013,
Detroit Red Wings*,48,24,16,8,56,0.583,124,115,0.2,0.01,0.531,22,20-16-12,0.542,2013,
Columbus Blue Jackets,48,24,17,7,55,0.573,120,119,0.03,0.01,0.49,19,14-17-17,0.469,2013,
Nashville Predators,48,16,23,9,41,0.427,111,139,-0.5,0.09,0.375,14,11/23/2014,0.375,2013,
Vancouver Canucks*,48,26,15,7,59,0.615,127,121,0.07,-0.06,0.552,21,20-15-13,0.552,2013,
Minnesota Wild*,48,26,19,3,55,0.573,122,127,-0.16,-0.05,0.521,22,19-19-10,0.5,2013,
Edmonton Oilers,48,19,22,7,45,0.469,125,134,-0.22,-0.03,0.406,17,15-22-11,0.427,2013,
Calgary Flames,48,19,25,4,42,0.438,128,160,-0.65,0.02,0.427,19,17-25-6,0.417,2013,
Colorado Avalanche,48,16,25,7,39,0.406,116,152,-0.73,0.02,0.333,14,11/25/2012,0.354,2013,
Anaheim Ducks*,48,30,12,6,66,0.688,140,118,0.43,-0.02,0.594,24,23-12-13,0.615,2013,
Los Angeles Kings*,48,27,16,5,59,0.615,133,118,0.29,-0.02,0.583,25,24-16-8,0.583,2013,
San Jose Sharks*,48,25,16,7,57,0.594,124,116,0.17,0.01,0.479,17,17-16-15,0.51,2013,
Phoenix Coyotes,48,21,18,9,51,0.531,125,131,-0.1,0.03,0.458,17,16-18-14,0.479,2013,
Dallas Stars,48,22,22,4,48,0.5,130,142,-0.21,0.05,0.448,20,18-22-8,0.458,2013,
New York Rangers*,82,51,24,7,109,0.665,226,187,0.46,-0.02,0.628,47,39-24-19,0.591,2012,
Pittsburgh Penguins*,82,51,25,6,108,0.659,282,221,0.71,-0.03,0.585,42,40-25-17,0.591,2012,
Philadelphia Flyers*,82,47,26,9,103,0.628,264,232,0.39,0,0.591,43,37-26-19,0.567,2012,
New Jersey Devils*,82,48,28,6,102,0.622,228,209,0.23,0,0.537,36,32-28-22,0.524,2012,
New York Islanders,82,34,37,11,79,0.482,203,255,-0.58,0.05,0.396,27,24-37-21,0.421,2012,
Boston Bruins*,82,49,29,4,102,0.622,269,202,0.75,-0.07,0.561,40,38-29-15,0.555,2012,
Ottawa Senators*,82,41,31,10,92,0.561,249,240,0.09,-0.02,0.488,35,30-31-21,0.494,2012,
Buffalo Sabres,82,39,32,11,89,0.543,218,230,-0.15,0,0.476,32,27-32-23,0.47,2012,
Toronto Maple Leafs,82,35,37,10,80,0.488,231,264,-0.38,0.02,0.433,31,26-37-19,0.433,2012,
Montreal Canadiens,82,31,35,16,78,0.476,212,226,-0.17,0,0.421,26,24-35-23,0.433,2012,
Florida Panthers*,82,38,26,18,94,0.573,203,227,-0.33,-0.03,0.494,32,31-26-25,0.53,2012,
Washington Capitals*,82,42,32,8,92,0.561,222,230,-0.13,-0.03,0.512,38,31-32-19,0.494,2012,
Tampa Bay Lightning,82,38,36,8,84,0.512,235,281,-0.57,-0.01,0.463,35,25-36-21,0.433,2012,
Winnipeg Jets,82,37,35,10,84,0.512,225,246,-0.3,-0.04,0.451,33,27-35-20,0.451,2012,
Carolina Hurricanes,82,33,33,16,82,0.5,213,243,-0.39,-0.02,0.433,32,29-33-20,0.476,2012,
St. Louis Blues*,82,49,22,11,109,0.665,210,165,0.54,-0.01,0.634,45,42-22-18,0.622,2012,
Nashville Predators*,82,48,26,8,104,0.634,237,210,0.34,0.01,0.585,43,40-26-16,0.585,2012,
Detroit Red Wings*,82,48,28,6,102,0.622,248,203,0.55,0,0.549,39,36-28-18,0.549,2012,
Chicago Blackhawks*,82,45,26,11,101,0.616,248,238,0.14,0.02,0.549,38,34-26-22,0.549,2012,
Columbus Blue Jackets,82,29,46,7,65,0.396,202,262,-0.65,0.08,0.36,25,23-46-13,0.36,2012,
Vancouver Canucks*,82,51,22,9,111,0.677,249,198,0.57,-0.05,0.616,43,36-22-24,0.585,2012,
Calgary Flames,82,37,29,16,90,0.549,202,226,-0.28,0.01,0.488,34,32-29-21,0.518,2012,
Colorado Avalanche,82,41,35,6,88,0.537,208,220,-0.13,0.01,0.457,32,25-35-22,0.439,2012,
Minnesota Wild,82,35,36,11,81,0.494,177,226,-0.58,0.02,0.415,24,22-36-24,0.415,2012,
Edmonton Oilers,82,32,40,10,74,0.451,212,239,-0.32,0.01,0.402,27,25-40-17,0.409,2012,
Phoenix Coyotes*,82,42,27,13,97,0.591,216,204,0.16,0.01,0.537,36,33-27-22,0.537,2012,
San Jose Sharks*,82,43,29,10,96,0.585,228,210,0.22,0,0.5,34,31-29-22,0.512,2012,
Los Angeles Kings*,82,40,27,15,95,0.579,194,179,0.19,0.01,0.506,34,31-27-24,0.524,2012,
Dallas Stars,82,42,35,5,89,0.543,211,222,-0.1,0.03,0.494,35,31-35-16,0.476,2012,
Anaheim Ducks,82,34,36,12,80,0.488,204,231,-0.29,0.04,0.439,31,29-36-17,0.457,2012,
Philadelphia Flyers*,82,47,23,12,106,0.646,259,223,0.4,-0.04,0.598,44,41-23-18,0.61,2011,
Pittsburgh Penguins*,82,49,25,8,106,0.646,238,199,0.43,-0.05,0.555,39,34-25-23,0.555,2011,
New York Rangers*,82,44,33,5,93,0.567,233,198,0.37,-0.06,0.5,35,32-33-17,0.494,2011,
New Jersey Devils,82,38,39,5,81,0.494,174,209,-0.41,0.02,0.457,35,28-39-15,0.433,2011,
New York Islanders,82,30,39,13,73,0.445,229,264,-0.42,0.01,0.378,26,19-39-24,0.378,2011,
Boston Bruins*,82,46,25,11,103,0.628,246,195,0.56,-0.07,0.585,44,43-25-14,0.61,2011,
Montreal Canadiens*,82,44,30,8,96,0.585,216,209,0.05,-0.04,0.537,41,36-30-16,0.537,2011,
Buffalo Sabres*,82,43,29,10,96,0.585,245,229,0.15,-0.04,0.5,38,28-29-25,0.494,2011,
Toronto Maple Leafs,82,37,34,11,85,0.518,218,251,-0.41,0,0.457,32,30-34-18,0.476,2011,
Ottawa Senators,82,32,40,10,74,0.451,192,250,-0.69,0.02,0.409,30,28-40-14,0.427,2011,
Washington Capitals*,82,48,23,11,107,0.652,224,197,0.27,-0.06,0.591,43,34-23-25,0.567,2011,
Tampa Bay Lightning*,82,46,25,11,103,0.628,247,240,0.04,-0.05,0.561,40,32-25-25,0.543,2011,
Carolina Hurricanes,82,40,31,11,91,0.555,236,239,-0.08,-0.04,0.488,35,29-31-22,0.488,2011,
Atlanta Thrashers,82,34,36,12,80,0.488,223,269,-0.57,-0.01,0.427,29,19-36-27,0.396,2011,
Florida Panthers,82,30,40,12,72,0.439,195,229,-0.43,-0.01,0.384,26,20-40-22,0.378,2011,
Detroit Red Wings*,82,47,25,10,104,0.634,261,241,0.27,0.03,0.573,43,34-25-23,0.555,2011,
Nashville Predators*,82,44,27,11,99,0.604,219,194,0.31,0.01,0.524,38,36-27-19,0.555,2011,
Chicago Blackhawks*,82,44,29,9,97,0.591,258,225,0.41,0.01,0.53,38,34-29-19,0.53,2011,
St. Louis Blues,82,38,33,11,87,0.53,240,234,0.11,0.04,0.476,34,31-33-18,0.488,2011,
Columbus Blue Jackets,82,34,35,13,81,0.494,215,258,-0.45,0.08,0.433,29,24-35-23,0.433,2011,
Vancouver Canucks*,82,54,19,9,117,0.713,262,185,0.87,-0.07,0.665,50,46-19-17,0.665,2011,
Calgary Flames,82,41,29,12,94,0.573,250,237,0.14,-0.02,0.488,32,30-29-23,0.506,2011,
Minnesota Wild,82,39,35,8,86,0.524,206,233,-0.3,0.03,0.488,36,31-35-16,0.476,2011,
Colorado Avalanche,82,30,44,8,68,0.415,227,288,-0.7,0.05,0.335,24,18-44-20,0.341,2011,
Edmonton Oilers,82,25,45,12,62,0.378,193,269,-0.87,0.06,0.348,23,21-45-16,0.354,2011,
San Jose Sharks*,82,48,25,9,105,0.64,248,213,0.44,0.02,0.585,43,38-25-19,0.579,2011,
Anaheim Ducks*,82,47,30,5,99,0.604,239,235,0.09,0.05,0.561,43,34-30-18,0.524,2011,
Phoenix Coyotes*,82,43,26,13,99,0.604,231,226,0.11,0.05,0.53,38,36-26-20,0.561,2011,
Los Angeles Kings*,82,46,30,6,98,0.598,219,198,0.29,0.03,0.512,36,35-30-17,0.53,2011,
Dallas Stars,82,42,29,11,95,0.579,227,233,-0.02,0.05,0.524,37,32-29-21,0.518,2011,
New Jersey Devils*,82,48,27,7,103,0.628,222,191,0.31,-0.07,0.579,42,40-27-15,0.579,2010,
Pittsburgh Penguins*,82,47,28,7,101,0.616,257,237,0.17,-0.07,0.537,39,33-28-21,0.53,2010,
Philadelphia Flyers*,82,41,35,6,88,0.537,236,225,0.08,-0.06,0.494,37,35-35-12,0.5,2010,
New York Rangers,82,38,33,11,87,0.53,222,218,0,-0.05,0.47,35,34-33-15,0.506,2010,
New York Islanders,82,34,37,11,79,0.482,222,264,-0.53,-0.02,0.402,26,20-37-25,0.396,2010,
Buffalo Sabres*,82,45,27,10,100,0.61,235,207,0.26,-0.08,0.561,41,35-27-20,0.549,2010,
Ottawa Senators*,82,44,32,6,94,0.573,225,238,-0.22,-0.06,0.537,39,34-32-16,0.512,2010,
Boston Bruins*,82,39,30,13,91,0.555,206,200,0.01,-0.06,0.47,29,25-30-27,0.47,2010,
Montreal Canadiens*,82,39,33,10,88,0.537,217,223,-0.14,-0.07,0.463,32,24-33-25,0.445,2010,
Toronto Maple Leafs,82,30,38,14,74,0.451,214,267,-0.68,-0.03,0.366,26,21-38-23,0.396,2010,
Washington Capitals*,82,54,15,13,121,0.738,318,233,0.9,-0.14,0.665,49,43-15-24,0.671,2010,
Atlanta Thrashers,82,35,34,13,83,0.506,234,256,-0.33,-0.06,0.439,31,29-34-19,0.47,2010,
Carolina Hurricanes,82,35,37,10,80,0.488,230,256,-0.37,-0.05,0.433,31,26-37-19,0.433,2010,
Tampa Bay Lightning,82,34,36,12,80,0.488,217,260,-0.56,-0.03,0.433,30,25-36-21,0.433,2010,
Florida Panthers,82,32,37,13,77,0.47,208,244,-0.47,-0.03,0.415,26,24-37-21,0.421,2010,
Chicago Blackhawks*,82,52,22,8,112,0.683,271,209,0.77,0.02,0.616,43,37-22-23,0.591,2010,
Detroit Red Wings*,82,44,24,14,102,0.622,229,216,0.23,0.07,0.555,38,33-24-25,0.555,2010,
Nashville Predators*,82,47,29,6,100,0.61,225,225,0.06,0.06,0.549,39,33-29-20,0.524,2010,
St. Louis Blues,82,40,32,10,90,0.549,225,223,0.08,0.06,0.476,33,30-32-20,0.488,2010,
Columbus Blue Jackets,82,32,35,15,79,0.482,216,259,-0.42,0.11,0.439,30,27-35-20,0.451,2010,
Vancouver Canucks*,82,49,28,5,103,0.628,272,222,0.6,-0.01,0.598,45,41-28-13,0.579,2010,
Colorado Avalanche*,82,43,30,9,95,0.579,244,233,0.16,0.02,0.512,36,34-30-18,0.524,2010,
Calgary Flames,82,40,32,10,90,0.549,204,210,-0.03,0.04,0.512,37,35-32-15,0.518,2010,
Minnesota Wild,82,38,36,8,84,0.512,219,246,-0.26,0.07,0.476,33,28-36-18,0.451,2010,
Edmonton Oilers,82,27,47,8,62,0.378,214,284,-0.76,0.09,0.317,19,18-47-17,0.323,2010,
San Jose Sharks*,82,51,20,11,113,0.689,264,215,0.65,0.05,0.616,44,43-20-19,0.64,2010,
Phoenix Coyotes*,82,50,25,7,107,0.652,225,202,0.34,0.06,0.561,36,31-25-26,0.537,2010,
Los Angeles Kings*,82,46,27,9,101,0.616,241,219,0.32,0.05,0.549,36,32-27-23,0.53,2010,
Anaheim Ducks,82,39,32,11,89,0.543,238,251,-0.07,0.09,0.494,34,31-32-19,0.494,2010,
Dallas Stars,82,37,31,14,88,0.537,237,254,-0.12,0.09,0.47,30,28-31-23,0.482,2010,
New Jersey Devils*,82,51,27,4,106,0.646,244,209,0.38,-0.05,0.598,45,36-27-19,0.555,2009,
Pittsburgh Penguins*,82,45,28,9,99,0.604,264,239,0.28,-0.02,0.549,39,33-28-21,0.53,2009,
Philadelphia Flyers*,82,44,27,11,99,0.604,264,238,0.28,-0.04,0.549,40,34-27-21,0.543,2009,
New York Rangers*,82,43,30,9,95,0.579,210,218,-0.1,-0.01,0.5,33,30-30-22,0.5,2009,
New York Islanders,82,26,47,9,61,0.372,201,279,-0.91,0.05,0.329,23,20-47-15,0.335,2009,
Boston Bruins*,82,53,19,10,116,0.707,274,196,0.89,-0.06,0.659,49,46-19-17,0.665,2009,
Montreal Canadiens*,82,41,30,11,93,0.567,249,247,0.02,-0.01,0.5,34,30-30-22,0.5,2009,
Buffalo Sabres,82,41,32,9,91,0.555,250,234,0.18,-0.02,0.482,33,31-32-19,0.494,2009,
Ottawa Senators,82,36,35,11,83,0.506,217,237,-0.23,0.01,0.451,32,29-35-18,0.463,2009,
Toronto Maple Leafs,82,34,35,13,81,0.494,250,293,-0.49,0.03,0.421,28,24-35-23,0.433,2009,
Washington Capitals*,82,50,24,8,108,0.659,272,245,0.27,-0.06,0.616,46,40-24-18,0.598,2009,
Carolina Hurricanes*,82,45,30,7,97,0.591,239,226,0.11,-0.05,0.561,42,35-30-17,0.53,2009,
Florida Panthers,82,41,30,11,93,0.567,234,231,0,-0.04,0.53,38,34-30-18,0.524,2009,
Atlanta Thrashers,82,35,41,6,76,0.463,257,280,-0.3,-0.02,0.39,28,24-41-17,0.396,2009,
Tampa Bay Lightning,82,24,40,18,66,0.402,210,279,-0.81,0.03,0.335,21,19-40-23,0.372,2009,
Detroit Red Wings*,82,51,21,10,112,0.683,295,244,0.62,0,0.61,45,42-21-19,0.628,2009,
Chicago Blackhawks*,82,46,24,12,104,0.634,264,216,0.6,0.01,0.579,42,36-24-22,0.573,2009,
St. Louis Blues*,82,41,31,10,92,0.561,233,233,0.05,0.05,0.5,35,31-31-20,0.5,2009,
Columbus Blue Jackets*,82,41,31,10,92,0.561,226,230,-0.01,0.04,0.506,35,30-31-21,0.494,2009,
Nashville Predators,82,40,34,8,88,0.537,213,233,-0.19,0.06,0.482,34,28-34-20,0.463,2009,
Vancouver Canucks*,82,45,27,10,100,0.61,246,220,0.3,-0.02,0.573,42,37-27-18,0.561,2009,
Calgary Flames*,82,46,30,6,98,0.598,254,248,0.07,0,0.555,43,40-30-12,0.561,2009,
Minnesota Wild,82,40,33,9,89,0.543,219,200,0.22,-0.02,0.476,35,32-33-17,0.494,2009,
Edmonton Oilers,82,38,35,9,85,0.518,234,248,-0.16,0.01,0.451,32,31-35-16,0.476,2009,
Colorado Avalanche,82,32,45,5,69,0.421,199,257,-0.66,0.05,0.36,23,20-45-17,0.348,2009,
San Jose Sharks*,82,53,18,11,117,0.713,257,204,0.61,-0.04,0.64,47,43-18-21,0.652,2009,
Anaheim Ducks*,82,42,33,7,91,0.555,245,238,0.09,0,0.488,35,30-33-19,0.482,2009,
Dallas Stars,82,36,35,11,83,0.506,230,257,-0.3,0.03,0.439,30,25-35-22,0.439,2009,
Phoenix Coyotes,82,36,39,7,79,0.482,208,252,-0.5,0.04,0.439,33,32-39-11,0.457,2009,
Los Angeles Kings,82,34,37,11,79,0.482,207,234,-0.29,0.04,0.433,29,26-37-19,0.433,2009,
Pittsburgh Penguins*,82,47,27,8,102,0.622,247,216,0.24,-0.14,0.555,40,39-27-16,0.573,2008,
New Jersey Devils*,82,46,29,7,99,0.604,206,197,0,-0.11,0.537,38,31-29-22,0.512,2008,
New York Rangers*,82,42,27,13,97,0.591,213,199,0.05,-0.12,0.518,34,30-27-25,0.518,2008,
Philadelphia Flyers*,82,42,29,11,95,0.579,248,233,0.06,-0.12,0.53,39,36-29-17,0.543,2008,
New York Islanders,82,35,38,9,79,0.482,194,243,-0.65,-0.05,0.415,30,25-38-19,0.421,2008,
Montreal Canadiens*,82,47,25,10,104,0.634,262,222,0.35,-0.14,0.579,42,37-25-20,0.573,2008,
Ottawa Senators*,82,43,31,8,94,0.573,261,247,0.06,-0.11,0.537,40,37-31-14,0.537,2008,
Boston Bruins*,82,41,29,12,94,0.573,212,222,-0.2,-0.08,0.506,35,32-29-21,0.518,2008,
Buffalo Sabres,82,39,31,12,90,0.549,255,242,0.05,-0.11,0.506,35,30-31-21,0.494,2008,
Toronto Maple Leafs,82,36,35,11,83,0.506,231,260,-0.42,-0.06,0.445,33,28-35-19,0.457,2008,
Washington Capitals*,82,43,31,8,94,0.573,242,231,-0.06,-0.19,0.524,39,32-31-19,0.506,2008,
Carolina Hurricanes,82,43,33,6,92,0.561,252,249,-0.15,-0.18,0.53,41,36-33-13,0.518,2008,
Florida Panthers,82,38,35,9,85,0.518,216,226,-0.29,-0.17,0.47,33,29-35-18,0.463,2008,
Atlanta Thrashers,82,34,40,8,76,0.463,216,272,-0.8,-0.12,0.396,25,19-40-23,0.372,2008,
Tampa Bay Lightning,82,31,42,9,71,0.433,223,267,-0.67,-0.13,0.372,29,27-42-13,0.409,2008,
Detroit Red Wings*,82,54,21,7,115,0.701,257,184,0.93,0.04,0.659,49,47-21-14,0.659,2008,
Nashville Predators*,82,41,32,9,91,0.555,230,229,0.13,0.12,0.512,38,33-32-17,0.506,2008,
Chicago Blackhawks,82,40,34,8,88,0.537,239,235,0.16,0.12,0.482,35,31-34-17,0.482,2008,
Columbus Blue Jackets,82,34,36,12,80,0.488,193,218,-0.16,0.15,0.445,31,29-36-17,0.457,2008,
St. Louis Blues,82,33,36,13,79,0.482,205,237,-0.24,0.16,0.415,30,29-36-17,0.457,2008,
Minnesota Wild*,82,44,28,10,98,0.598,223,218,0.16,0.1,0.567,41,35-28-19,0.543,2008,
Colorado Avalanche*,82,44,31,7,95,0.579,231,219,0.24,0.09,0.512,37,33-31-18,0.512,2008,
Calgary Flames*,82,42,30,10,94,0.573,229,227,0.13,0.1,0.512,39,36-30-16,0.537,2008,
Edmonton Oilers,82,41,35,6,88,0.537,235,251,-0.07,0.12,0.433,26,22-35-25,0.421,2008,
Vancouver Canucks,82,39,33,10,88,0.537,213,215,0.08,0.11,0.494,33,29-33-20,0.476,2008,
San Jose Sharks*,82,49,23,10,108,0.659,222,193,0.47,0.12,0.598,43,40-23-19,0.604,2008,
Anaheim Ducks*,82,47,27,8,102,0.622,205,191,0.3,0.13,0.567,39,35-27-20,0.549,2008,
Dallas Stars*,82,45,30,7,97,0.591,242,207,0.54,0.11,0.537,40,37-30-15,0.543,2008,
Phoenix Coyotes,82,38,37,7,83,0.506,214,231,-0.04,0.17,0.47,33,29-37-16,0.451,2008,
Los Angeles Kings,82,32,43,7,71,0.433,231,266,-0.24,0.19,0.378,27,25-43-14,0.39,2008,
